,Count
https://github.com/tensorflow/tensorflow/issues/56628,1
https://github.com/tensorflow/tensorflow/issues/54848,1
https://github.com/tensorflow/tensorflow/issues/56693,1
https://github.com/tensorflow/tensorflow/issues/56694,1
https://github.com/tensorflow/tensorflow/issues/56737,1
https://github.com/tensorflow/tensorflow/issues/56754,1
https://github.com/tensorflow/tensorflow/issues/56796,1
https://github.com/tensorflow/tensorflow/issues/56830,1
https://github.com/tensorflow/tensorflow/issues/56833,1
https://github.com/tensorflow/tensorflow/issues/56836,1
https://github.com/tensorflow/tensorflow/issues/56886,1
https://github.com/tensorflow/tensorflow/issues/57357,1
https://github.com/tensorflow/tensorflow/issues/57358,1
https://github.com/tensorflow/tensorflow/issues/57401,1
https://github.com/tensorflow/tensorflow/issues/57430,1
https://github.com/keras-team/keras/issues/16944,1
https://github.com/tensorflow/tensorflow/issues/57450,1
https://github.com/tensorflow/tensorflow/issues/57480,1
https://github.com/tensorflow/tensorflow/issues/57481,1
https://github.com/tensorflow/tensorflow/issues/49946,1
https://github.com/tensorflow/tensorflow/issues/57486,1
https://github.com/keras-team/keras/issues/16953,1
https://github.com/tensorflow/tensorflow/issues/57487,1
,23